{"cameraMode":{"drawMode":0,"name":"Shaded","section":"Shading Mode"},"sceneLighting":false,"audioPlay":false,"sceneViewState":{"m_AlwaysRefresh":false,"showFog":true,"showSkybox":false,"showFlares":true,"showImageEffects":true,"showParticleSystems":true,"showVisualEffectGraphs":true,"m_FxEnabled":true},"in2DMode":false,"pivot":{"x":0.7213414311408997,"y":0.32360363006591799,"z":-1.1177406311035157},"rotation":{"x":-0.009158066473901272,"y":0.9887239336967468,"z":-0.1330961287021637,"w":-0.06803125888109207},"size":2.123276710510254,"orthographic":false}