{"cameraMode":{"drawMode":0,"name":"Shaded","section":"Shading Mode"},"sceneLighting":true,"audioPlay":false,"sceneViewState":{"m_AlwaysRefresh":true,"showFog":true,"showSkybox":true,"showFlares":true,"showImageEffects":true,"showParticleSystems":true,"showVisualEffectGraphs":true,"m_FxEnabled":true},"in2DMode":false,"pivot":{"x":-2.1625566482543947,"y":1.0427472591400147,"z":1.5920095443725587},"rotation":{"x":0.1449940949678421,"y":-0.23935362696647645,"z":0.03617480769753456,"w":0.9593663215637207},"size":6.47517204284668,"orthographic":false}