{"cameraMode":{"drawMode":0,"name":"Shaded","section":"Shading Mode"},"sceneLighting":true,"audioPlay":false,"sceneViewState":{"m_AlwaysRefresh":false,"showFog":true,"showSkybox":true,"showFlares":true,"showImageEffects":true,"showParticleSystems":true,"showVisualEffectGraphs":true,"m_FxEnabled":true},"in2DMode":false,"pivot":{"x":16.937286376953126,"y":0.9750730991363525,"z":6.244681358337402},"rotation":{"x":0.05443480983376503,"y":0.6372498869895935,"z":-0.045194756239652637,"w":0.7674156427383423},"size":7.144774913787842,"orthographic":false}