{"cameraMode":{"drawMode":0,"name":"Shaded","section":"Shading Mode"},"sceneLighting":true,"audioPlay":false,"sceneViewState":{"m_AlwaysRefresh":false,"showFog":true,"showSkybox":true,"showFlares":true,"showImageEffects":true,"showParticleSystems":true,"showVisualEffectGraphs":true,"m_FxEnabled":true},"in2DMode":false,"pivot":{"x":-3.0732407569885256,"y":16.028480529785158,"z":-24.211227416992189},"rotation":{"x":0.26863670349121096,"y":0.08253879100084305,"z":-0.02310175634920597,"w":0.959445059299469},"size":32.109378814697269,"orthographic":true}