{"cameraMode":{"drawMode":0,"name":"Shaded","section":"Shading Mode"},"sceneLighting":true,"audioPlay":false,"sceneViewState":{"m_AlwaysRefresh":false,"showFog":true,"showSkybox":true,"showFlares":true,"showImageEffects":true,"showParticleSystems":true,"showVisualEffectGraphs":true,"m_FxEnabled":true},"in2DMode":false,"pivot":{"x":3.9566893577575685,"y":6.791071891784668,"z":-0.23806238174438477},"rotation":{"x":0.13043957948684693,"y":-0.24419279396533967,"z":0.03316779434680939,"w":0.9603416919708252},"size":12.461819648742676,"orthographic":true}