{"cameraMode":{"drawMode":0,"name":"Shaded","section":"Shading Mode"},"sceneLighting":true,"audioPlay":false,"sceneViewState":{"m_AlwaysRefresh":false,"showFog":true,"showSkybox":true,"showFlares":true,"showImageEffects":true,"showParticleSystems":true,"showVisualEffectGraphs":true,"m_FxEnabled":true},"in2DMode":false,"pivot":{"x":0.0791168212890625,"y":10.244301795959473,"z":-0.008356094360351563},"rotation":{"x":-0.20225992798805238,"y":0.1297309696674347,"z":-0.02703484706580639,"w":-0.9703348278999329},"size":33.59025192260742,"orthographic":true}