{"cameraMode":{"drawMode":0,"name":"Shaded","section":"Shading Mode"},"sceneLighting":true,"audioPlay":false,"sceneViewState":{"m_AlwaysRefresh":false,"showFog":true,"showSkybox":true,"showFlares":true,"showImageEffects":true,"showParticleSystems":true,"showVisualEffectGraphs":true,"m_FxEnabled":true},"in2DMode":false,"pivot":{"x":-0.282431960105896,"y":-0.08518008887767792,"z":99.93754577636719},"rotation":{"x":0.16468623280525208,"y":-0.17068669199943543,"z":0.02894754521548748,"w":0.9710355401039124},"size":0.730812132358551,"orthographic":true}