{"cameraMode":{"drawMode":0,"name":"Shaded","section":"Shading Mode"},"sceneLighting":true,"audioPlay":false,"sceneViewState":{"m_AlwaysRefresh":false,"showFog":true,"showSkybox":true,"showFlares":true,"showImageEffects":true,"showParticleSystems":true,"showVisualEffectGraphs":true,"m_FxEnabled":true},"in2DMode":false,"pivot":{"x":0.8853683471679688,"y":0.18939924240112306,"z":1.5138893127441407},"rotation":{"x":0.06685948371887207,"y":-0.3681071996688843,"z":0.026549315080046655,"w":0.9269984364509583},"size":11.693679809570313,"orthographic":false}