{"cameraMode":{"drawMode":0,"name":"Shaded","section":"Shading Mode"},"sceneLighting":false,"audioPlay":false,"sceneViewState":{"m_AlwaysRefresh":false,"showFog":true,"showSkybox":false,"showFlares":true,"showImageEffects":true,"showParticleSystems":true,"showVisualEffectGraphs":true,"m_FxEnabled":true},"in2DMode":false,"pivot":{"x":-0.01236027479171753,"y":1.1039977073669434,"z":0.2734658420085907},"rotation":{"x":0.025354482233524324,"y":-0.45626401901245119,"z":0.013007007539272309,"w":0.8893888592720032},"size":1.6733750104904175,"orthographic":false}