{"cameraMode":{"drawMode":0,"name":"Shaded","section":"Shading Mode"},"sceneLighting":false,"audioPlay":false,"sceneViewState":{"m_AlwaysRefresh":false,"showFog":true,"showSkybox":false,"showFlares":true,"showImageEffects":true,"showParticleSystems":true,"showVisualEffectGraphs":true,"m_FxEnabled":true},"in2DMode":false,"pivot":{"x":-1.790040135383606,"y":1.0247654914855958,"z":-1.1833224296569825},"rotation":{"x":-0.008156836964190007,"y":-0.9762689471244812,"z":0.21322749555110932,"w":-0.03701062500476837},"size":1.4316844940185547,"orthographic":false}